ncase,ion,energy_MeV,angle_deg,depth_um,major_axis_um,minor_axis_um,total_length_um,status
80213,protons,2.7056810000000002,55.84798225673606,0.1517154124137008,9.183975422099811,1.5365300574452088,9.183970033129707,Developed
289438,protons,3.146333,75.80388944146634,1.907859338337758,7.653219094914689,6.759962935405041,7.653199622022692,Developed
364693,protons,0.9506140000000001,70.23440418036427,6.916063028406672,13.69695328856619,12.292463351774536,13.696909291652151,Developed
459610,protons,4.066353,47.09209719397147,0.0,0.0,0.0,0.0,Track below surface
461128,protons,2.3914180000000003,76.40950603319409,2.92756094006195,8.951175805736098,8.225058428357165,8.951157527913317,Developed
879105,protons,0.21910939999999998,72.71623045001084,0.9781765314511404,9.558943561227824,9.535855151284721,9.559988261554565,Developed
1005063,protons,1.172811,33.44374629444552,0.4542823941549434,6.917868658703958,1.576090075352361,7.095237586587276,Developed
1039939,protons,3.429853,81.4594475401492,1.8853407296541338,7.065862487216662,6.737548282338904,7.065824342425182,Developed
1070675,protons,4.889921999999999,51.49842092354787,0.0,0.0,0.0,0.0,Track below surface
1253312,protons,3.6714170000000004,79.22196091266126,1.52948334242957,6.6597851136724255,6.101722649679449,6.659764182804896,Developed
1507358,protons,0.5567299,37.354371416409194,0.8672286522069506,10.744652908686241,7.9804228557370696,10.744674512835452,Developed
1558591,protons,4.061564,86.52656869573482,1.3960121789726472,5.916453979659823,5.855449799249054,5.916332517542981,Developed
1713163,protons,2.120533,38.19880464612756,0.0,0.0,0.0,0.0,Track below surface
1774449,protons,2.7937019999999997,53.834423074504905,0.0,0.0,0.0,0.0,Track below surface
1987429,protons,4.166907,63.91216980820688,0.0,0.0,0.0,0.0,Track below surface
1997376,protons,0.1204018,36.26018542263339,0.061120502083443995,2.6949478753893645,2.508493862222228,2.6949630206809276,Developed
2265050,protons,2.488805,84.61221187886068,3.1820918309735085,8.668497858857853,8.556705459656264,8.668369035605378,Developed
2437822,protons,5.493647,65.57426240006352,0.0,0.0,0.0,0.0,Track below surface
2774536,C,1.936352e-09,21.31616030342491,0.0,0.0,0.0,0.0,Energy exceeds SRIM tables
2817074,protons,3.6400099999999997,51.34103469315246,0.0,0.0,0.0,0.0,Track below surface
2860020,protons,3.087169,67.03406521500342,1.2096535720037576,7.980772300060388,5.397037082020576,7.980766442588718,Developed
2917213,protons,1.662782,68.00491714059417,3.498602510737145,10.553492572693132,8.688230333919037,10.55348060703665,Developed
3060257,protons,0.036058059999999996,62.140969673195045,0.0,0.0,0.0,0.0,Angle < Critical
3192289,C,0.01210105,33.83975052946013,0.0,0.0,0.0,0.0,Angle < Critical
3222526,protons,5.497835,84.91609663310842,0.46438655433086495,3.6397283906131186,3.4350347100365495,3.6397162919739623,Developed
3317331,O,0.6094067,62.08719124739236,0.8575339634454556,1.3744120873986405,1.256897360289298,1.3811715116401377,Developed
3711123,protons,1.8039969999999999,54.142953069293974,1.065033976757345,11.05919606142586,4.764417777730896,11.059191934905531,Developed
4281943,protons,0.6178895,67.708952901122,3.864389181762993,15.076951345041978,14.515258643852926,15.07692873548555,Developed
4603035,protons,2.821106,70.36698459977609,1.8629797956595802,8.362032289895351,6.66277148926465,8.362023530314186,Developed
4652468,protons,0.6778833,41.21100751939032,1.5396916123443862,13.401353318158963,9.474283074642916,13.401443357123732,Developed
4847354,protons,3.247433,49.95603634900278,0.0,0.0,0.0,0.0,Track below surface
4850392,protons,2.641371,49.866974622800704,0.0,0.0,0.0,0.0,Track below surface
4907663,protons,3.4310899999999998,55.685941614865,0.0,0.0,0.0,0.0,Track below surface
5237754,protons,0.8634583,63.75210626294775,5.473040200617632,14.937861989860039,12.42208607440902,14.937851210297318,Developed
5244174,protons,4.139708,66.0621335707783,0.09416405958108243,6.057567448374297,1.3008592085364763,6.0575652115943095,Developed
5735267,protons,3.048772,69.5586199461604,1.511817963597828,7.9751029294885445,6.028002105111314,7.975097316779735,Developed
5794448,protons,0.07347736,71.18680172205026,0.0,0.0,0.0,0.0,Angle < Critical
5975342,protons,1.9381419999999998,52.467603105107685,0.5253639447117884,10.892040861211411,3.2108981224986017,10.892036463987726,Developed
6245111,protons,2.150816,54.1602696984748,0.5281855818004271,10.341239687129605,3.3398859781850465,10.341235171465161,Developed
6482405,protons,0.7925964000000001,47.53186909867508,2.781860497699178,15.482011535559405,10.598690779101664,15.482013893936333,Developed
6513014,protons,2.2354380000000003,64.72796132832106,2.00647264312064,9.594083115716039,6.8518862835045,9.594073436779698,Developed
6747306,protons,0.047970080000000005,75.36386403271463,0.0,0.0,0.0,0.0,Angle < Critical
6792337,protons,0.4513591,65.28352702520901,2.414515113386569,13.557636681680252,13.378536354030915,13.557694731690976,Developed
7007108,protons,1.087921,39.656240172655906,1.4808712496993373,12.70708312746334,3.8924078325212417,12.93930816500686,Developed
7191307,protons,2.265063,64.05651416392806,1.881972615604747,9.571964775176877,6.640493764357885,9.571954368419426,Developed
7838551,protons,2.702874,73.71015055563333,2.3048429830960604,8.481701180661311,7.372050940037677,8.48168287608852,Developed
7900057,protons,3.815858,62.16918331456185,0.001908771621993266,0.15426741837391308,0.003933054139908138,0.15519834020766687,Developed
7986657,protons,2.1603070000000004,71.50006225960212,2.8642652221064857,9.468779064898147,8.114895807913932,9.468759602535616,Developed
8248814,protons,0.41234529999999997,43.731993313239094,1.0279526680334836,10.03727960745525,9.265944003683629,10.037323781121014,Developed
8549415,protons,4.1159300000000005,80.53212968351328,1.1751653445936316,5.859511798458587,5.384414621212527,5.859498934299975,Developed
8704313,protons,1.10841,44.987621711463575,2.8649894741794206,15.52421257361617,5.760765938748577,16.348712405467605,Developed
8836494,protons,6.048329,73.98074290279635,0.0,0.0,0.0,0.0,Track below surface
8894810,protons,0.8540782,47.66263178261736,3.0008983004368233,15.937518661761835,9.925778271194432,15.937530589080216,Developed
8976488,protons,2.827092,74.66563964466111,2.22070249877126,8.242666424384279,7.247696377881608,8.24265392230172,Developed
9282884,protons,4.844768,63.802936970558434,0.0,0.0,0.0,0.0,Track below surface
9747890,protons,1.3849960000000001,40.80457143756543,0.1592444351918325,4.377200100188044,0.7871846534436677,4.412961383366056,Developed
9885858,protons,1.255965,75.36998760761102,6.775996668984073,11.588157820045522,10.826068286741458,11.588086819545909,Developed
10096478,protons,1.936969,51.01994641001836,0.2535978582501386,11.011514315126185,1.9274195896811335,11.011507828228675,Developed
10167280,O,0.638809,64.68571867438939,0.9264379699158172,0.7806349712031806,0.7072589447796552,0.9140079478310292,Developed
10322091,protons,3.75458,66.40676600278272,0.45745835036291105,6.758236791377682,3.2881395136929212,6.758234045250595,Developed
10753361,protons,3.452883,54.835411036084935,0.0,0.0,0.0,0.0,Track below surface
11129164,protons,2.322524,66.47514354670564,2.0997654543854676,9.369372081640588,7.015991377658754,9.3693624198553,Developed
11405926,O,0.01593308,23.310636629793777,0.0,0.0,0.0,0.0,Angle < Critical
11613146,protons,1.8839869999999999,46.22929313359953,0.0,0.0,0.0,0.0,Track below surface
11623523,C,0.08703398000000001,61.7543898364529,0.0,0.0,0.0,0.0,Angle < Critical
11877184,protons,1.311153,74.18233491208306,6.084121613400486,11.395328850237929,10.496436524070242,11.395298090964769,Developed
11973891,protons,4.521565,53.78600234043447,0.0,0.0,0.0,0.0,Track below surface
12033168,protons,2.209173,72.94819265264476,2.9210167219351657,9.34268460591279,8.198564043012777,9.342661806270753,Developed
12106433,protons,0.1062022,32.55541069238746,0.015880492653479905,1.45167001899179,1.2881493062857918,1.4516671138528663,Developed
12415076,protons,0.5480448,55.77660545098635,2.5255691833282583,13.763547466668125,12.937273151826878,13.763608674512792,Developed
12712875,protons,0.8881402,64.81197204791667,5.7871769601002505,14.649069176047117,12.312677014451976,14.649051853813656,Developed
12776285,protons,1.644722,36.111321316206634,0.0,0.0,0.0,0.0,Track below surface
12839597,protons,1.659725,48.595835439276485,0.3106188757245416,9.845902200605936,1.853314795245387,9.845899482002977,Developed
13169932,protons,3.290004,49.550580541339,0.0,0.0,0.0,0.0,Track below surface
13350655,protons,3.518227,68.61809439657108,0.9072491648263945,7.137491448502904,4.693336552509738,7.137488991241255,Developed
13852240,protons,1.8643100000000001,63.91946711935577,2.494577125538939,10.31120937777418,7.511277838421781,10.311204092909307,Developed
13932345,protons,2.660305,64.39767604800127,1.414060894332927,8.855214196787738,5.800030192815319,8.855207436397317,Developed
13976586,protons,4.123722,57.037726017795336,0.0,0.0,0.0,0.0,Track below surface
14342273,protons,1.2222039999999998,65.36546075605895,5.960384175224622,12.271931446850806,9.98624295178736,12.271902131319928,Developed
14649863,protons,1.8695899999999999,62.791681492812174,2.329762522679161,10.358920625267983,7.264890874499057,10.358908264805102,Developed
14743665,protons,6.2731189999999994,55.474093328271515,0.0,0.0,0.0,0.0,Track below surface
14851477,protons,2.471861,69.43511598658868,2.221290786362239,9.003688650908652,7.2259714340229495,9.003683991688405,Developed
14875566,protons,4.264852,67.17027724589389,0.11175364091736206,5.806486396143789,1.4753376920612264,5.80648352497634,Developed
14919791,protons,6.313583,67.1053888743892,0.0,0.0,0.0,0.0,Track below surface
15041508,protons,5.601138000000001,78.16883163419212,0.18547948508511602,3.5292806035639166,2.142316802032132,3.5292777428439206,Developed
15197107,protons,4.693599,82.76638567678454,0.8272751060601884,4.869117742511365,4.548104119586522,4.869114831657468,Developed
15326392,protons,3.34808,64.37792700623051,0.6285881156089541,7.58135215634601,3.863125802729244,7.581348441984006,Developed
15409756,protons,2.327435,48.74888706904898,0.0,0.0,0.0,0.0,Track below surface
15701859,protons,4.569714,60.95515709719792,0.0,0.0,0.0,0.0,Track below surface
16035139,protons,5.395429999999999,67.23252746182965,0.0,0.0,0.0,0.0,Track below surface
16174499,protons,3.589018,86.73420112781773,1.8582584493545546,6.7469176000254025,6.698128961332525,6.746799051966063,Developed
16489475,protons,1.860471,62.77689845244694,2.3453705724355007,10.378057012654859,7.283979938032062,10.378046023008704,Developed
16672868,protons,3.0904890000000003,57.04172787426863,0.005742688529434492,1.4659776440956442,0.09866344861190245,1.466233915656618,Developed
16676946,O,0.1218818,62.00651867215194,0.06858661908569186,1.3409989020745374,1.3380511244533204,1.340993730240442,Developed
16715061,protons,0.7347262,65.23424255830031,4.634466070000974,15.306681182195144,13.719702952890538,15.306657617620663,Developed
16953286,protons,1.082419,61.34869701987782,6.618777075486957,13.452712284393112,10.299909390203048,13.452697572615245,Developed
17249899,protons,0.3465796,48.659637210944695,1.0331017819015091,9.853819860359724,9.496211344144815,9.853922984707474,Developed
17581775,protons,3.0627340000000003,67.33490277275453,1.2724423115339167,8.016190435627673,5.5283727864996814,8.016184653744773,Developed
17735203,protons,0.6140788,63.036808853829044,3.519326140134215,14.877178287425878,14.070827357459617,14.877167783904216,Developed
17944847,protons,1.061939,46.4498842257489,3.2099321853836678,15.680260867365071,6.944884817143675,16.1866720883856,Developed
18081305,protons,2.365994,49.716716207366886,0.0,0.0,0.0,0.0,Track below surface
18091704,protons,6.054626,87.18930324972855,0.3136821817415889,2.9078065660690426,2.8317883028021615,2.9077824182121974,Developed
18761408,protons,1.892173,65.32247207508622,2.6250300054535334,10.188371514721334,7.71382560459073,10.18836033798248,Developed
18844714,protons,1.527328,45.63279201862129,0.20947838951954534,6.3401856842434805,1.16593794277348,6.354888268608557,Developed
18994475,protons,0.5542947,35.02067588052335,0.6175206703074245,9.972127611053411,6.806937342665716,9.972140071794946,Developed
19383521,protons,0.9057934999999999,61.89442118180541,5.538750522562363,14.799194015315583,11.82974710965983,14.802808937032369,Developed
19399659,protons,1.318608,41.21146449294047,0.4066665912607732,6.7845434880904785,1.5080389216748915,6.890307110836746,Developed
19677876,protons,1.608335,61.7815210671322,2.8320739535257946,11.021662744096098,7.76852063548068,11.021648854861812,Developed
19988297,protons,1.613549,63.60686131399211,3.0819263182835197,10.899662555789659,8.112299106100682,10.899647929700262,Developed
20009044,protons,1.342315,50.65305565972742,2.0554664147546564,12.99865554202867,5.760700404452107,13.089187553690866,Developed
20049081,protons,6.064827,65.2599685248693,0.0,0.0,0.0,0.0,Track below surface
20258063,protons,2.7129820000000002,64.58286844434714,1.3726299633244032,8.75249939757019,5.717388162744031,8.75249321009483,Developed
20320862,protons,1.5393620000000001,64.67125062937234,3.508797233042987,11.048238972852673,8.532150016659871,11.048224699453037,Developed
20381385,protons,1.962921,66.16982321467377,2.603382147771404,10.016568668036646,7.710304467281357,10.016559415867325,Developed
21185137,protons,2.163394,74.25417223741721,3.0987414397095563,9.383794062260883,8.421995256173533,9.383775173498284,Developed
21194782,protons,0.6044091,45.31438095133339,1.8389990555657896,13.133463000927149,10.879339678792109,13.133846882899931,Developed
21239859,protons,1.587779,58.00874853120755,2.2952140030965804,11.334337826721283,6.936001109115316,11.334330251644262,Developed
21256292,protons,3.33292,49.718931641541516,0.0,0.0,0.0,0.0,Track below surface
21389690,protons,1.7772350000000001,79.39708839270484,4.184002719987863,9.948579257374188,9.539035074766812,9.94851370977947,Developed
21412852,protons,4.393994,65.7289378307043,0.0,0.0,0.0,0.0,Track below surface
21415762,protons,1.555951,74.87371054456935,4.58283076923847,10.561505637175271,9.726783460779385,10.561497028206489,Developed
21475563,C,0.009507644,10.406224649042372,0.0,0.0,0.0,0.0,Energy exceeds SRIM tables
22035637,protons,0.07011982,25.969841994229924,0.0,0.0,0.0,0.0,Angle < Critical
22353890,protons,0.9898286999999999,37.434422266779166,1.0464374529746951,12.537098738647984,4.689942513968577,12.537438667455689,Developed
22776942,protons,1.249236,74.36072459858657,6.7654204759643,11.657348512976139,10.78301980580089,11.657315247028006,Developed
22844559,protons,2.193346,56.57389837253583,0.8827912741814572,10.101747291407621,4.477149768733661,10.101740040816093,Developed
23027737,protons,3.094977,33.377715878436625,0.0,0.0,0.0,0.0,Track below surface
23250008,protons,5.507098999999999,77.34659284894447,0.1797359914837955,3.6661068432025696,2.0998630818631754,3.6661045773122347,Developed
23307189,protons,2.741377,57.60257436913072,0.38368397661377607,9.02003924533108,2.8646658232584894,9.020034116637508,Developed
23596468,C,0.07542575,13.667558126035445,0.0,0.0,0.0,0.0,Angle < Critical
24244393,protons,4.733059000000001,50.51652444034431,0.0,0.0,0.0,0.0,Track below surface
24463258,C,0.058915220000000004,56.636356753896536,0.0,0.0,0.0,0.0,Angle < Critical
24600418,protons,4.3658150000000004,42.82465708385605,0.0,0.0,0.0,0.0,Track below surface
24644460,protons,5.121893,80.19162223921758,0.48722485688730366,4.210658612113882,3.500415761148137,4.210653713731595,Developed
24758835,protons,2.008017,48.42554293455095,0.0,0.0,0.0,0.0,Track below surface
24842975,C,0.3625545,40.35766237924165,0.3680004517906956,0.7037702766820864,0.49448195357547303,0.8311071004753081,Developed
25028884,protons,0.9363737,73.37783828931427,7.096461266889481,13.608021065612899,12.629025562862198,13.607960642734394,Developed
25109225,protons,4.448248,69.27650427380381,0.178386187254711,5.44121242753205,1.995034087378035,5.441210200538626,Developed
25167676,protons,2.5095400000000003,49.186055026480105,0.0,0.0,0.0,0.0,Track below surface
25304598,protons,3.5772690000000003,59.169812829923664,0.0,0.0,0.0,0.0,Track below surface
25375316,protons,1.5479479999999999,87.63468891368835,5.241321520518772,10.356262985069225,10.336514193092919,10.354779590009068,Developed
25456993,protons,0.7374329,78.96396981081128,5.5530978283908485,14.873800653807628,14.503820327770676,14.873652853722227,Developed
25614073,protons,3.441216,71.49933998988276,1.2506148990152006,7.208664744820751,5.509721979783623,7.208655028340294,Developed
25736503,protons,3.576194,71.01662447649265,1.0691710836667134,6.972654426715667,5.103982784729183,6.972646708477271,Developed
25897961,protons,8.126735,75.30389473990469,0.0,0.0,0.0,0.0,Track below surface
26182494,protons,1.012153,77.25277282439026,8.126891513570618,12.875791511053828,12.307500290270703,12.875716710707731,Developed
26615631,protons,0.08825468,25.28942557747237,0.0,0.0,0.0,0.0,Angle < Critical
27031259,protons,1.947238,82.96054748188816,3.984343493603072,9.581317496642917,9.400055304432295,9.581164001822229,Developed
27149930,protons,0.38407060000000004,64.71816589124451,1.9038753420855183,12.525396145516249,12.399713379445144,12.525534811688662,Developed
27472650,protons,2.820286,50.267939063291294,0.0,0.0,0.0,0.0,Track below surface
27616775,protons,0.08335519000000001,53.92792963939545,0.0,0.0,0.0,0.0,Angle < Critical
27670028,protons,1.024961,63.655882270842504,6.632964243709081,13.656552199893785,11.051285752283645,13.656525372215956,Developed
27986298,protons,1.390282,54.39313430441549,2.5275159470057638,12.362531008392072,6.7911561069056425,12.362523021841543,Developed
28072468,protons,2.833266,51.60014229923995,0.0,0.0,0.0,0.0,Track below surface
28499938,protons,4.484994,75.34482891650762,0.615564986860452,5.28313996194336,3.90732188603188,5.2831342930820995,Developed
28509009,O,0.050720219999999996,29.389494272216766,0.0,0.0,0.0,0.0,Angle < Critical
28516993,protons,0.9028416,70.16843314254962,6.496630442874096,14.079849968739165,12.667184995868416,14.07980608415061,Developed
28786391,protons,0.44363749999999996,61.361127093036714,2.181633002076234,13.095291962016754,12.853190189162406,13.095511348492916,Developed
28891026,protons,0.4442524,59.518387894608026,2.095490427258591,12.91063250526324,12.626796551142204,12.910956988343322,Developed
29153475,protons,5.284323,57.955795107398394,0.0,0.0,0.0,0.0,Track below surface
29372376,protons,2.278162,64.88139420801664,1.9687364494638437,9.512642235172471,6.7912826060968525,9.512633218691981,Developed
29410463,protons,2.162957,74.53080622781286,3.121271628252071,9.377276481306902,8.450689162961215,9.377269669476762,Developed
29728880,protons,4.990171,65.01358966485228,0.0,0.0,0.0,0.0,Track below surface
29756633,protons,1.31119,77.00176654015789,6.33068000813474,11.29760286497338,10.697791781865385,11.297521190338843,Developed
29770160,protons,0.9998729000000001,44.885719427280215,2.738562211357568,16.447135973354097,7.20954923387384,16.472429813129516,Developed
29849212,protons,3.227499,56.83734147215797,0.0,0.0,0.0,0.0,Track below surface
29911504,protons,1.6656769999999999,73.28714541129517,4.042649360392428,10.3425215854412,9.305048343747364,10.342488685106565,Developed
30034864,protons,0.8480928,42.197479506154934,1.9735980755385043,15.624341539516157,8.468647586094084,15.624676745534275,Developed
30046349,protons,3.116275,52.567974172439484,0.0,0.0,0.0,0.0,Track below surface
30262539,protons,3.3756530000000002,75.78451110882358,1.64446942370704,7.241448345844208,6.303618158980292,7.241443261543542,Developed
30359011,protons,1.830122,44.86041351721634,0.0,0.0,0.0,0.0,Track below surface
30413064,protons,1.6093819999999999,69.72512821378366,3.871915902422767,10.610549030671239,9.055434040896818,10.61052884887408,Developed
30417734,protons,0.6263909,40.98307033663321,1.4040496919697372,12.647885753131877,9.496975139188635,12.64794203627051,Developed
30510271,protons,0.6297060999999999,61.14062815146235,3.4901375572526856,14.889881972902726,13.84330348300263,14.8898793893251,Developed
30625369,protons,1.827433,53.77058542692316,0.9507776683605407,11.033671634626872,4.489952201894158,11.033665406691206,Developed
30713523,protons,3.012655,70.30228709374971,1.626267462005007,8.019853938780367,6.243555491891925,8.019842458568146,Developed
30860936,protons,6.571921,70.87341802199657,0.0,0.0,0.0,0.0,Track below surface
31085405,protons,1.5913789999999999,43.36598173380231,0.005760455764672656,0.8841598155022036,0.06609755070229753,0.8859886299393374,Developed
31215375,protons,2.158863,49.17211885903985,0.0,0.0,0.0,0.0,Track below surface
31218665,protons,3.031618,43.49924364104459,0.0,0.0,0.0,0.0,Track below surface
31259313,protons,3.5822060000000002,80.77306673559445,1.6918568131011753,6.801439064958239,6.40467605248865,6.801407977581463,Developed
31343644,protons,1.085427,69.22136062445975,7.918021073298817,12.810158512703142,11.241558239053036,12.810119410537078,Developed
31541325,protons,3.164195,80.17616291785517,2.1359977524405966,7.553035221762518,7.136655766809288,7.5530252290163205,Developed
31609991,protons,0.880557,60.62138795574896,5.19174115028898,15.122038441762994,11.903065174476085,15.122023412112892,Developed
31795476,protons,2.541513,55.42802311896106,0.26880791049497965,9.521335155556367,2.2704592286651124,9.521330420330955,Developed
31883993,protons,0.001506607,34.46224105170548,0.0,0.0,0.0,0.0,Energy exceeds SRIM tables
32274988,protons,2.2897350000000003,65.84713007722229,2.0704032881725194,9.45173873182155,6.963588381556657,9.451729393033812,Developed
32507435,protons,0.6593420000000001,55.52224167302045,3.177796972284309,14.816070656541507,13.012339058765614,14.816087083238711,Developed
32817281,protons,1.620638,31.965261885969127,0.0,0.0,0.0,0.0,Track below surface
33347624,protons,1.2327,54.97123694818547,3.935313095392763,13.127127072119999,7.964378872332025,13.253672748315331,Developed
33677285,protons,1.6270390000000001,71.31049691753542,3.976847663157809,10.503614973052754,9.194628933736825,10.503597302430158,Developed
33747253,protons,2.292857,63.44786710832737,1.762305905838776,9.550663515333046,6.4368881025432,9.550653957320332,Developed
33824505,protons,5.810987,73.13046117302925,0.0,0.0,0.0,0.0,Track below surface
33894137,protons,0.1668005,44.78738787673481,0.2783816539680082,5.42448961174712,5.255486861809507,5.424505508103429,Developed
33992745,protons,3.718448,56.01213616689308,0.0,0.0,0.0,0.0,Track below surface
34042176,protons,1.384916,45.29116483119592,0.6263897019419318,9.988210327712103,2.3817337568565167,10.066568287581802,Developed
34641438,protons,1.176089,72.84493861178362,7.624533895268867,12.083603162251297,11.029016413599157,12.083550236203815,Developed
34822706,protons,1.262356,39.45552006120644,0.5076854827031445,7.0626667938495595,1.6356687034740052,7.24096687861466,Developed
35086136,protons,3.100779,65.94421318350709,1.0765735533676768,7.991239770518885,5.084116038925116,7.991236187940061,Developed
35379374,protons,4.464728,75.73210913892942,0.6534100685882436,5.312566300358121,4.029150174064697,5.312561260374403,Developed
35659536,protons,2.166862,79.28033057669126,3.437579416132616,9.267245180452349,8.83294754702019,9.267224443784094,Developed
35690381,protons,5.424044,79.01587096728913,0.29644076894818916,3.7722241386487787,2.724153194058797,3.7722214525917446,Developed
35798311,protons,1.294506,61.61222076809832,4.573669617297066,12.181204235479978,9.018269612318807,12.181184856239032,Developed
36033480,protons,1.0424010000000001,45.937943429443656,3.052225119449533,15.961469661533341,7.01071744246895,16.29023462732893,Developed
36399089,protons,1.6105239999999998,42.61588318522969,0.0,0.0,0.0,0.0,Track below surface
36419306,protons,2.448876,34.857265657587845,0.0,0.0,0.0,0.0,Track below surface
36556988,protons,0.7916043,46.994984606308996,2.693073889413018,15.443615694623102,10.481471188716524,15.443670530029259,Developed
36641993,protons,7.038828,62.298690312903744,0.0,0.0,0.0,0.0,Track below surface
36901583,C,2.035984e-08,46.665527714606,0.0,0.0,0.0,0.0,Energy exceeds SRIM tables
36910593,protons,3.008229,62.31817063146187,0.742701545562241,8.297759404884559,4.187341015168266,8.297755319169937,Developed
37057747,protons,2.642042,68.87700831851657,1.944762611083199,8.7249175813905,6.7851661199803015,8.724910034273709,Developed
37162312,protons,0.46426870000000003,66.94158333093185,2.582372710732871,13.847637841319688,13.681684592555918,13.847626302300307,Developed
37283526,protons,1.8808449999999999,48.75644758939743,0.036103613836553805,3.605063367868778,0.39506551307809423,3.6050624587985745,Developed
38001086,protons,3.43934,70.87953925765237,1.1985579171573573,7.226469243017535,5.394930951580461,7.226465338366458,Developed
38125984,protons,2.814772,84.15329407231022,2.724073617268866,8.121640469937125,7.984236633096739,8.12149478132176,Developed
38731290,protons,4.002422,65.90629017624606,0.18819844181203926,6.313139346518151,2.009125117711568,6.313136201996606,Developed
38819395,protons,1.726165,80.12324599401572,4.360250083759029,10.037241092145914,9.68424864326141,10.0371460741022,Developed
38866683,protons,1.9300789999999999,69.31118230400119,3.022346586880534,9.948505973713099,8.269062328223683,9.948493252730545,Developed
38977577,protons,6.175694,66.26060376210916,0.0,0.0,0.0,0.0,Track below surface
39078660,protons,2.345201,77.83179127259088,3.0869705800885594,8.99922462215512,8.424781485784228,8.999178556747845,Developed
39193377,O,0.04127466,26.44483795082774,0.0,0.0,0.0,0.0,Angle < Critical
39202672,protons,3.710533,59.206725982443984,0.0,0.0,0.0,0.0,Track below surface
39277378,protons,1.528934,79.15415382711971,5.0128943204595675,10.519677813539488,10.098987273016046,10.519593441384213,Developed
39292333,protons,1.3173519999999999,67.42652094757412,5.247912223162285,11.689492863255321,9.78272688192957,11.689473187959983,Developed
39520443,protons,3.277945,67.32761820114855,1.028713464520587,7.618888437783266,4.985935397886129,7.618881489156455,Developed
39784274,protons,3.704138,59.73663843943433,0.0,0.0,0.0,0.0,Track below surface
39850708,protons,3.242387,44.82300055478435,0.0,0.0,0.0,0.0,Track below surface
39949134,protons,0.9768413999999999,76.36763027796262,7.723026073563323,13.157374608460247,12.505921579897866,13.157286335976528,Developed
40200337,protons,7.0331589999999995,65.1204183302521,0.0,0.0,0.0,0.0,Track below surface
40292279,protons,0.3769367,32.33401059555719,0.25521177677649476,6.329102124319434,4.814377047913475,6.3291022719485985,Developed
40738119,protons,0.03554269,46.99968902192286,0.0,0.0,0.0,0.0,Angle < Critical
40895245,protons,1.180282,62.792433371037056,6.113512208716983,12.696118507889079,9.860631710231795,12.696093338284,Developed
41289521,protons,7.245117,86.11411132492695,0.08070949688171503,1.6987285677373039,1.436943628299914,1.6987259001654964,Developed
41510796,protons,2.848473,59.33129474550179,0.5178185210778654,8.730531422255707,3.4197334102619856,8.730529405906754,Developed
41583306,protons,4.036573,77.83858874918681,1.113949536676687,6.027642267364681,5.239116418225533,6.027633612264722,Developed
41782048,protons,5.638064,76.74743582183484,0.09801007985210042,3.4885862743781098,1.514911788275679,3.4885847533371264,Developed
42233073,protons,0.5495137,78.10445071096004,3.718160389336159,15.143902813858773,15.066290364696425,15.143807380648576,Developed
42347508,protons,0.01168966,55.38795747666054,0.0,0.0,0.0,0.0,Angle < Critical
42369077,protons,4.432615,58.697261687066614,0.0,0.0,0.0,0.0,Track below surface
42736963,protons,2.613216,40.44629405765185,0.0,0.0,0.0,0.0,Track below surface
42830444,protons,0.4946179,29.741915837168897,0.11154396220665852,5.513341492689123,3.0602839409251716,5.513350808090275,Developed
42839953,protons,2.118806,54.298279134493846,0.5971170514332584,10.39321159485375,3.5695700779103077,10.393206989976424,Developed
42909687,protons,4.406420000000001,76.05987294386998,0.7164071363187912,5.407549682646605,4.21538289307008,5.407546222466653,Developed
43080985,C,0.1604725,4.380293846340635,0.0,6.412403726554419,0.0,7.659984202712522e-06,Developed
43108733,protons,6.1183510000000005,66.73690977237136,0.0,0.0,0.0,0.0,Track below surface
43219873,protons,2.397548,59.11641523252598,1.01974987520631,9.57868279683167,4.877049414979774,9.57867764871995,Developed
43336406,protons,0.9012333,51.11130167477642,3.7867190191328,15.95328048566344,10.128035351049196,15.95327212645011,Developed
43345705,protons,0.2665707,38.29824548261373,0.3548540900582573,6.293150859014283,5.818001077483345,6.293145444340774,Developed
43475526,protons,1.681421,44.018133579656705,0.0,0.0,0.0,0.0,Track below surface
43742613,protons,0.6662893999999999,50.173734129845215,2.6359341771349136,14.481544238415475,12.01797337688756,14.481726775074987,Developed
43776778,protons,1.377178,59.09365161804162,3.4887855075455256,12.00315039845965,8.100480350093612,12.003137669765849,Developed
44141920,protons,8.245868,78.75461759988114,0.0,0.0,0.0,0.0,Track below surface
44190225,protons,1.081331,39.90196935628045,1.5338782964164164,13.091536915411831,4.064776883448291,13.289077053648894,Developed
44299846,protons,0.3480989,37.17108071850401,0.4781509614961461,7.434578408896427,6.583927467367923,7.434569662305368,Developed
44485501,protons,3.800707,63.43120919613821,0.08530618350769181,6.758160154288872,1.158042983882392,6.758157224131566,Developed
44486407,C,6.804825e-08,35.55414201363715,0.0,0.0,0.0,0.0,Energy exceeds SRIM tables
44680522,protons,3.7309550000000002,64.48798689376814,0.26917947662409425,6.856981623638944,2.4437245023919325,6.856979091638923,Developed
44708465,protons,4.2352229999999995,80.70329202636849,1.0836195455378679,5.651391121106103,5.178997083505669,5.6513852574679735,Developed
44951192,protons,3.121103,66.4059070979372,1.1035366951779135,7.938320174389636,5.153476597472389,7.938315631040534,Developed
44979637,protons,0.1048241,55.146304818605856,0.2417503169152262,4.9952335466359274,4.937775416348954,4.995296018986186,Developed
45044019,protons,1.3256430000000001,61.28041963162876,4.2459036752408394,12.060227541500586,8.798611105682381,12.060226930060967,Developed
45248353,protons,3.0150680000000003,72.10700979566292,1.7822225382760148,7.968492939651498,6.533541186185262,7.968484643016109,Developed
45316974,protons,3.248322,51.00300805514923,0.0,0.0,0.0,0.0,Track below surface
45352782,protons,6.866483,76.42975887099372,0.0,0.0,0.0,0.0,Track below surface
45358623,protons,1.583775,33.33655804579227,0.0,0.0,0.0,0.0,Track below surface
45451081,O,0.03540288,63.623364189522604,0.0,0.0,0.0,0.0,Angle < Critical
45464832,protons,4.330436,52.886995751121304,0.0,0.0,0.0,0.0,Track below surface
45536760,protons,0.5093517000000001,35.16240379759913,0.5914472609695274,9.353318217119302,6.83737560640104,9.353329270469512,Developed
45551576,protons,1.815237,63.931850831248454,2.5956684592885626,10.410608321681856,7.631624479694621,10.410598569041863,Developed
45621398,protons,3.4158090000000003,54.81203896395,0.0,0.0,0.0,0.0,Track below surface
45821796,O,0.1936127,29.999735362483044,0.0,8.36450698094179,0.0,5.7734411081034054e-05,Developed
46303296,protons,2.128129,61.20027591751678,1.6815070202585591,9.95531261882958,6.2580459205909245,9.955304746067782,Developed
46369475,protons,0.0010051060000000002,38.22906753712489,0.0,0.0,0.0,0.0,Energy exceeds SRIM tables
46385085,protons,0.3875999,48.67525319598865,1.214539011612441,10.558460006301155,10.101745236293015,10.558606485097199,Developed
46500206,protons,2.192819,79.96812630790008,3.434429097955018,9.212659274489386,8.832334531556914,9.212620232687756,Developed
46618892,protons,1.084256,39.927218286684074,1.5393841931421743,13.024229104825789,4.030154632043781,13.25088481885286,Developed
46639512,protons,1.466886,39.0485732112576,0.004651502364934668,0.45969863356117674,0.027489148632960266,0.46375503679540486,Developed
46788544,protons,2.343922,36.72414714646244,0.0,0.0,0.0,0.0,Track below surface
47006539,protons,3.525805,71.97248347723242,1.2001624109553735,7.043668983208002,5.407113671871873,7.0436609377469255,Developed
47024997,protons,0.7381230000000001,69.49849664311951,5.01091240895421,15.185968134263552,14.021249141834538,15.185921296231442,Developed
47356795,protons,4.383369,48.85231290188701,0.0,0.0,0.0,0.0,Track below surface
47413552,protons,2.965258,85.33623002108313,2.561431026808103,7.85296244531819,7.763775798583269,7.8527824355461675,Developed
47531192,protons,2.573662,52.90076664823808,0.0,0.0,0.0,0.0,Track below surface
47554194,protons,2.02292,48.92306810947023,0.0,0.0,0.0,0.0,Track below surface
47564341,protons,2.361158,56.99773113109588,0.7368359148642512,9.765073881273214,4.092821105163048,9.765069375045648,Developed
47724704,protons,6.3617300000000006,67.67966706591491,0.0,0.0,0.0,0.0,Track below surface
48294049,protons,0.28337700000000005,40.845837314711105,0.4875908549509109,7.194689369823394,6.758012268462486,7.19470148066626,Developed
48357169,protons,1.545721,57.62428911320459,2.380804640147778,11.492859062074926,6.993531146835418,11.492855213153351,Developed
48480597,protons,1.782795,34.556872805213295,0.0,0.0,0.0,0.0,Track below surface
48591933,protons,1.0420010000000002,63.46851073542592,6.721789822233573,13.547048430621855,10.897917086867597,13.547025055247467,Developed
48674021,protons,3.9411660000000004,77.48703347934654,1.1803070757704504,6.201462742791879,5.384697481180396,6.201451132057224,Developed
48794107,protons,0.7280531,41.005008554466606,1.5988648461237904,14.026153694527537,9.157511159793827,14.026320894803515,Developed
49155489,protons,6.125261,67.63987264537798,0.0,0.0,0.0,0.0,Track below surface
49250655,protons,3.423704,69.41375900822604,1.0822353472915616,7.2913510525515655,5.12246279075008,7.291348787327494,Developed
49513022,protons,2.552866,47.93438060048833,0.0,0.0,0.0,0.0,Track below surface
49521122,protons,5.957205999999999,80.08823439691326,0.15388850871154425,3.0493079839510053,1.9588706192781213,3.049305665368729,Developed
49594041,protons,2.533915,46.96332457941292,0.0,0.0,0.0,0.0,Track below surface
50259282,protons,3.503198,51.844133087250675,0.0,0.0,0.0,0.0,Track below surface
50729336,protons,2.3514690000000003,64.6347129942282,1.8388157289057698,9.394728107289756,6.57636118868746,9.394718363769273,Developed
50834010,C,0.09609491,35.04236726176871,0.0,0.0,0.0,0.0,Angle < Critical
50903381,protons,3.465237,71.14190277332965,1.193875930085028,7.172897272626434,5.386846071526458,7.172889936269964,Developed
50966608,protons,1.7641040000000001,57.94683318869311,1.8070948997750058,10.877164062426042,6.316583422040804,10.877156624305389,Developed
51037376,protons,4.843816,65.29737060754844,0.0,0.0,0.0,0.0,Track below surface
51485759,protons,1.367222,45.525064557456304,0.7531979969592264,10.935013722779269,2.7044322164107797,11.033612009456814,Developed
51773064,protons,2.092105,52.887945327717084,0.38098056125986623,10.54641752879586,2.6991416966303237,10.546415711910662,Developed
51792714,protons,0.6372644000000001,55.51232396423974,3.044298722979068,14.62797768395218,13.056039801289758,14.627979988111882,Developed
51815528,protons,1.846218,68.27915638663592,3.073712523089558,10.147912533129979,8.297106902236823,10.147902017845379,Developed
51902564,protons,2.0957369999999997,61.17792449339884,1.7238579064140644,10.015527227401433,6.331650836744395,10.01552286346193,Developed
52207146,C,0.07692086999999999,14.483488923918202,0.0,0.0,0.0,0.0,Angle < Critical
52358796,protons,2.879703,83.71727720484553,2.628130882434119,8.013376024694836,7.852962962601099,8.013270644071893,Developed
52501810,protons,1.502882,57.85098346526406,2.5962122444065354,11.617791581127312,7.230522145954563,11.617783274138896,Developed
52662520,protons,6.872534,83.21622602366378,0.06524068998813526,2.033871981597804,1.2737582802044876,2.0338705041302876,Developed
52792092,protons,1.49495,54.09808093167171,1.9409561784289941,11.961980951480353,6.121262722737277,11.961977391793267,Developed
53089079,protons,4.458927,80.36089981601839,0.899322293006886,5.274184150490425,4.730513958707856,5.274173336811909,Developed
53274604,protons,5.113309,80.16072764780742,0.48984394530600994,4.223922868056098,3.5111766261075608,4.223918993256252,Developed
53292797,C,0.8077152999999999,67.29345489674931,1.3700874839354196,5.4375118124611195,5.4349235995565355,5.437495005825381,Developed
53517053,protons,4.666962,70.776777494371,0.16211010166204431,5.041971535459834,1.917405464614976,5.0419682336659015,Developed
53782653,protons,1.131748,31.16791944009266,0.21983922702935743,6.1001683547278525,1.6837002381171042,6.100177419035781,Developed
54197575,protons,4.091044,82.8308310930972,1.2814664502385646,5.8842956671594555,5.6182241385199845,5.884265223129169,Developed
54962073,protons,1.251581,62.197668977408114,5.105038216079674,12.350612487311372,9.349978276783597,12.350587006268952,Developed
55435043,protons,5.451599,76.01641593410926,0.12776595514901423,3.7554809987520925,1.7428244411401304,3.755478826428545,Developed
55547948,protons,0.4008621,49.4662255597314,1.3169173332925546,10.903238070785275,10.43561425552033,10.90336333275528,Developed
55860256,O,0.1998168,32.7711572749618,0.0,6.802819988112057,0.0,6.43743779300543e-05,Developed
55906308,protons,0.4762511,32.03011972406897,0.2917933760238256,7.6379872638751785,4.941297393629406,7.637993239475895,Developed
55949184,protons,2.914563,63.80267739762304,1.0362680032640466,8.413609552660867,4.973596729688702,8.413605868489825,Developed
56033924,protons,1.8788850000000001,40.23558964278282,0.0,0.0,0.0,0.0,Track below surface
56211671,protons,0.5128786000000001,52.22636859147549,2.0559548908629246,12.927610539559453,12.10466073002792,12.927865621563416,Developed
56214359,protons,4.238922,54.628119903464174,0.0,0.0,0.0,0.0,Track below surface
56252757,C,0.1135818,19.374602684637352,2.220446049250313e-16,1.6927583532009134,0.0,3.5165743015319606e-05,Developed
56347235,protons,2.5886329999999997,51.68499206433827,0.0,0.0,0.0,0.0,Track below surface
56398118,protons,2.4442679999999997,78.75902556545518,2.998568188063933,8.817167634508708,8.32340404934385,8.8171629202904,Developed
56867628,protons,2.333141,72.92690790475173,2.7389512630692163,9.134648408704525,7.970016193794618,9.134634810321593,Developed
56976329,protons,0.0130515,49.10494720885068,0.0,0.0,0.0,0.0,Angle < Critical
57003291,protons,0.2526616,45.570062298279765,0.5540283495901335,7.496691367809083,7.233016812367815,7.496734925985073,Developed
57055794,protons,1.55841,52.40162990861992,1.3645500562972703,11.892986300541288,5.107034399273007,11.8929828279188,Developed
57223814,protons,7.876384,68.62123770473417,0.0,0.0,0.0,0.0,Track below surface
57622221,protons,0.9416579,36.75760875074322,0.9294383464745124,12.258334181278551,5.107557715337886,12.258451317558691,Developed
57745796,protons,3.159081,39.07130005078212,0.0,0.0,0.0,0.0,Track below surface
57803359,protons,0.8672217,45.94560605761098,2.722534295813631,16.00416332351787,9.33306342461952,16.00418191189482,Developed
57861502,protons,2.038103,76.32345686497739,3.4583713647617795,9.543956940038916,8.836543428464275,9.543931527912596,Developed
58386811,protons,6.152406,79.75396197424514,0.08661642192080699,2.8123564264794423,1.4477224177509624,2.8123545196070956,Developed
58431678,protons,0.25711799999999996,33.328260239786836,0.17216817442934662,4.748645081753555,4.098759206302083,4.748652785028913,Developed
58560754,protons,3.959479,63.14872971314005,0.0,0.0,0.0,0.0,Track below surface
58834172,protons,1.552574,72.09768787946362,4.339320713862943,10.665581797883528,9.478549933206121,10.665556445249546,Developed
58959887,protons,1.382795,74.95980103224994,5.557229701509142,11.0919770200626,10.27803623210736,11.091957411207671,Developed
59074319,protons,2.499073,46.700605055258315,0.0,0.0,0.0,0.0,Track below surface
59134244,protons,0.8132528,29.127912895855907,0.07448973906323708,4.484482260027071,2.0325584529601914,4.484483285481449,Developed
59303744,protons,4.184908,76.54180710807839,0.914906477048099,5.7833428709070835,4.757840598361219,5.783335530904116,Developed
59307640,protons,5.441064,62.58713113487827,0.0,0.0,0.0,0.0,Track below surface
59432187,protons,3.616615,84.43215038699888,1.782053738456515,6.709500151890336,6.566576922441081,6.70941980896989,Developed
59779813,protons,0.6223564,75.89482315942683,4.322098089704841,15.267542246229366,15.03895975111637,15.267514117866622,Developed
60244358,protons,0.242972,14.042407846193086,0.0,0.0,0.0,0.0,Angle < Critical
60854029,C,0.07422018,29.358526650741595,0.0,0.0,0.0,0.0,Angle < Critical
60881085,protons,4.202288,72.05189225268019,0.5919766553725534,5.820842315289321,3.810082255029206,5.820840284718635,Developed
60936917,protons,2.944785,52.942771174419356,0.0,0.0,0.0,0.0,Track below surface
61237388,protons,2.074906,65.6297449318862,2.3540893670086653,9.837451964976538,7.374778656269065,9.83744268191919,Developed
61263338,protons,2.672757,70.70260886317112,2.082370321082413,8.614531894037055,7.020359895937677,8.614521673960061,Developed
61343233,C,0.05110191,61.83427746317822,0.0,0.0,0.0,0.0,Angle < Critical
61384151,protons,2.396033,50.304524993766194,0.0,0.0,0.0,0.0,Track below surface
61388976,protons,3.141569,72.84144245425418,1.6954298256861868,7.723166335175692,6.381160038136383,7.723156158389839,Developed
61453157,C,5.50708e-09,17.480067808323867,0.0,0.0,0.0,0.0,Energy exceeds SRIM tables
61496685,protons,1.512023,74.94545598758815,4.784136299100684,10.679829992352133,9.856183689689502,10.679795293623723,Developed
61710865,protons,0.8382335000000001,31.038504435500506,0.2087620228810465,6.718577925761357,3.2063392972454485,6.7185833670310675,Developed
61867778,protons,2.043566,71.51071890060692,3.04788188961515,9.668923718702585,8.334723763192999,9.668903840131474,Developed
61945398,protons,3.252404,73.3890584087462,1.6094992048070225,7.510699730401462,6.231620562524906,7.510687820786412,Developed
62392097,protons,2.1784679999999996,56.8547326973162,0.9469552548126003,10.111971867952814,4.650326318356265,10.111965309943898,Developed
62575571,protons,1.612832,36.79902697380201,0.0,0.0,0.0,0.0,Track below surface
62980791,protons,2.5570649999999997,56.652925560782286,0.4479830993280043,9.420255207730685,3.1135180302908383,9.420249892717763,Developed
63098973,protons,4.8119950000000005,55.76540098047303,0.0,0.0,0.0,0.0,Track below surface
63199404,protons,2.865902,67.00750115129563,1.4684393543111334,8.38646244060842,5.924496908233967,8.386454728218883,Developed
63514117,protons,6.80063,71.02437596194584,0.0,0.0,0.0,0.0,Track below surface
63974420,protons,1.078023,74.43165634828289,8.484161359565478,12.571139841876464,11.712999620942371,12.571082963521901,Developed
64090785,protons,1.859216,66.31859573559389,2.8140867486660213,10.206794807907615,7.961433907520997,10.206781827537725,Developed
64527322,protons,2.264176,64.28929740138602,1.9125888263149697,9.56310736365094,6.694230957204184,9.563102542493723,Developed
64642060,protons,1.751533,53.76331526285976,1.1022473051774586,11.215735534029818,4.805861921002379,11.215730575877277,Developed
64666799,protons,0.3062472,69.1895670967097,1.483812079341,11.407118686069683,11.353041755661817,11.407514673205412,Developed
64763802,protons,2.969513,51.21866046214807,0.0,0.0,0.0,0.0,Track below surface
64901614,protons,3.233105,81.95767913063241,2.130454870211434,7.410614359817919,7.13061924491242,7.410565118940001,Developed
64959282,protons,2.5886899999999997,46.001253690085505,0.0,0.0,0.0,0.0,Track below surface
65029479,protons,5.828478,75.05392703158213,0.0,0.0,0.0,0.0,Track below surface
65084884,protons,1.002434,44.00387349402114,2.5275077253606444,16.562257834063463,6.8553401421867015,16.573110244323818,Developed
65403405,protons,2.417212,72.84416162816761,2.6155178143689106,8.99466306662972,7.805030863420542,8.994655731529578,Developed
65423964,protons,4.252706,56.783856463293375,0.0,0.0,0.0,0.0,Track below surface
65484216,protons,2.752851,56.91944457382083,0.2678331379566625,9.034568686056238,2.2875139007481753,9.034565538789627,Developed
65779974,protons,5.88881,81.04393287282538,0.2118377742312152,3.131413443848669,2.3117324347162427,3.131412994476132,Developed
65803830,protons,3.099456,71.40190241097156,1.6229094663134198,7.833870296018881,6.244134338893141,7.833858030310932,Developed
65856920,protons,2.938974,64.51274155673887,1.0946167987727105,8.341386011140424,5.116423442374703,8.341380895813876,Developed
66122157,protons,0.12288990000000001,80.18825946548512,0.49990711027868784,7.020643035822537,7.016795773285287,7.020611144754403,Developed
66156049,protons,0.5089497,37.81406479124953,0.8351307692996066,10.152561219234064,8.053711513973912,10.152557828450337,Developed
66285362,protons,1.189754,75.9054067875079,7.725270159021889,11.884263339412943,11.181207405319277,11.884185731530938,Developed
66341826,O,0.1766296,70.31606075086063,0.16360159235876814,1.8708424656092622,1.8700801823007982,1.8714727295905351,Developed
66437524,protons,4.028954000000001,65.57966674023302,0.1324546483361324,6.272549260074385,1.611530584594289,6.272546112350102,Developed
66472294,protons,1.332492,76.34431254696884,6.082309841094363,11.23392307881059,10.569316046645945,11.233855497116075,Developed
66936654,protons,5.372619,71.75912700790104,0.0,0.0,0.0,0.0,Track below surface
66968271,protons,3.011233,44.83099826114783,0.0,0.0,0.0,0.0,Track below surface
67053422,C,0.6414584999999999,70.49562509124088,1.1641792234955304,6.061793588645581,6.061795467595618,6.061766702160278,Developed
67137220,C,0.04872901,43.12615383128228,0.0,0.0,0.0,0.0,Angle < Critical
67348815,protons,1.070919,49.25298580015407,3.9349463342938797,15.097775986011357,7.769769611424948,15.72842475882838,Developed
67458896,protons,2.313603,83.64181211323023,3.4043963722211448,8.966070345346663,8.813056488573324,8.965967449206637,Developed
67744485,protons,0.7453809,70.2115441613491,5.127176284465072,15.13976020400098,14.008473221277088,15.139719247578052,Developed
68297130,protons,1.827372,80.00008149475184,4.0983715500903966,9.840856041112925,9.475756375269333,9.840784562868695,Developed
68498922,protons,7.743035,66.53708863496615,0.0,0.0,0.0,0.0,Track below surface
68606627,protons,4.569457,67.405484705173,0.0,0.0,0.0,0.0,Track below surface
68769210,protons,0.300281,44.51966306211165,0.6794011397651047,8.26013047633362,7.890284908317448,8.26012784925419,Developed
69156468,protons,0.2442584,47.76200584489839,0.5896900946208721,7.681822680065936,7.464655771444084,7.6818810570569775,Developed
69600867,protons,0.7423032,52.01510180900767,3.2240916686227212,15.286820479057035,11.971578234857633,15.286815255617054,Developed
69852198,protons,6.97054,73.48029491455739,0.0,0.0,0.0,0.0,Track below surface
70099584,protons,6.269628999999999,65.94196432716473,0.0,0.0,0.0,0.0,Track below surface
70156858,protons,1.0817970000000001,69.114222754465,7.8739459322842436,12.840317591060927,11.254884177453805,12.840280151512703,Developed
70594264,protons,1.8852280000000001,76.57532908368816,3.758939913314487,9.806134254755406,9.13533546866355,9.806093787395238,Developed
70637114,protons,1.316445,36.997559147189136,0.14962667799458407,3.807378758326897,0.660471410943995,3.864661279657641,Developed
70936739,protons,0.9484885,60.72233770790083,5.65628789216113,14.570685832189852,11.297442065250703,14.619784376936781,Developed
71237093,protons,1.685584,48.089401612713374,0.18357194660470455,7.456941795268826,1.2579911954318417,7.456937698093018,Developed
71362722,protons,2.360179,61.98516403907502,1.4770774173972967,9.4999154263657,5.901103692799734,9.499910938015706,Developed
71583834,protons,0.001307363,61.41712364839937,0.0,0.0,0.0,0.0,Energy exceeds SRIM tables
71767777,protons,4.341492,63.395107586176856,0.0,0.0,0.0,0.0,Track below surface
71857058,protons,0.4126073,56.2567440062375,1.733755063115531,12.062205307698264,11.76795493768196,12.068848038054405,Developed
71918050,protons,2.6671440000000004,69.21667744132131,1.9454406063555894,8.669699948441352,6.791365475009097,8.66969158852751,Developed
72179285,protons,2.338835,72.26978187984804,2.6764930901330217,9.14360986941093,7.880177017510209,9.143606396001754,Developed
72466607,protons,3.668146,65.68604209450548,0.4591175205543667,6.939369389119761,3.2923436936412322,6.939366116991447,Developed
72590852,protons,2.7928699999999997,79.50631904458596,2.5672908495356968,8.212998259179514,7.763825817223431,8.212963411959443,Developed
72691952,protons,4.114583,87.76605778279882,1.364873008521121,5.820951454858319,5.7953747051224,5.820746010813343,Developed
73481526,protons,1.72947,49.78730534443505,0.3816082540526562,11.618831177366525,2.336428394095004,11.61882260466834,Developed
73488044,C,0.34303239999999996,43.385924739296506,0.3625858773807096,3.556507242490972,3.556552593490255,3.556528675746662,Developed
73666662,protons,0.4709527,38.19100396452879,0.7952825337147154,9.673596278542375,8.017057515731109,9.673618063040536,Developed
73773924,protons,1.8653980000000001,20.98901789681507,0.0,0.0,0.0,0.0,Angle < Critical
73825388,protons,4.621793,82.49128668350443,0.8647342790051944,4.988229346148334,4.649068544985175,4.988219573977931,Developed
73942700,protons,3.111274,82.94793570137743,2.3129625860537413,7.616209769307353,7.406210712515801,7.616157959790735,Developed
73998576,protons,2.273579,72.58040469767542,2.7941495288407303,9.244831259518483,8.038226486496493,9.244824108095685,Developed
74156340,protons,5.469005,69.02072594576138,0.0,0.0,0.0,0.0,Track below surface
74258128,protons,0.632146,64.47708066309274,3.7637542371754797,15.037265445064623,14.201862733118718,15.037258875383166,Developed
74313455,protons,1.1958330000000001,64.94910176250005,6.248874786528736,12.443272785100339,10.077930369296949,12.443238053492578,Developed
74819998,protons,7.466031,65.27421068530226,0.0,0.0,0.0,0.0,Track below surface
74820944,protons,7.466819,64.20621808302329,0.0,0.0,0.0,0.0,Track below surface
76218626,protons,7.385909000000001,63.17741233027128,0.0,0.0,0.0,0.0,Track below surface
76256690,protons,2.326592,53.04843794593825,0.1229213014559285,8.376891112284545,1.2360901101100636,8.376887628611406,Developed
76279031,protons,1.797005,51.80797853690717,0.6408933214641994,11.264955894978286,3.5079063841109313,11.264950236334982,Developed
76484600,protons,4.261236,78.77755768407788,0.9758869712060321,5.6250342450380275,4.917233559761917,5.625027363490521,Developed
76636964,protons,1.386977,66.45089612477284,4.57183411224808,11.461641061307374,9.35651724793262,11.461627330884829,Developed
76775610,protons,1.938791,82.02512381157322,3.9650020462224926,9.60812209360864,9.37516442151205,9.608057649992329,Developed
76793085,protons,3.033457,60.84171041576862,0.5209608923816411,8.311553690860345,3.455984912918877,8.311549665532866,Developed
76991128,protons,1.4863439999999999,64.44226302681382,3.7128343951044442,11.226192844695886,8.674423311300126,11.226177581052198,Developed
77125811,protons,0.45894799999999997,48.09326167525963,1.497156186674335,11.565636312113313,10.80352562523715,11.565745256754168,Developed
77227306,protons,4.982552,74.69535001685787,0.26678178888795223,4.474910352598646,2.5536483962515617,4.474908212549453,Developed
77296829,protons,1.494123,65.59311317555718,3.8358409248482594,11.135815074120053,8.831714074701614,11.135803904233725,Developed
77319006,protons,1.420828,86.23433120783058,5.914015699081929,10.728518594485335,10.678658719033729,10.727756630805956,Developed
77392296,protons,1.453867,49.00807197537149,1.0756594617954107,12.64970156430433,4.037787587605383,12.667565108219538,Developed
77407792,protons,3.117014,65.15625981181256,0.9688022903241258,7.987892082533534,4.8177995832186555,7.987887865112733,Developed
77701042,protons,5.332369,80.04207316721298,0.3811514302845591,3.898052609597363,3.0966411619355196,3.898047148453177,Developed
77714717,protons,4.187804,72.7305068660078,0.6554438749713842,5.834784463078938,4.015757046307797,5.834781181490987,Developed
77817547,C,2.7156299999999998e-08,14.659431302778145,0.0,0.0,0.0,0.0,Energy exceeds SRIM tables
78319117,protons,1.665895,42.4441334153154,0.0,0.0,0.0,0.0,Track below surface
78345762,protons,4.299853000000001,88.25640793578819,1.2168116842546581,5.502734261360326,5.486444034079758,5.502269587177089,Developed
78861835,protons,1.178262,36.17297650864903,0.7263135722605387,7.791383637237267,1.8965822740521505,8.160167617503046,Developed
78873054,protons,2.34168,58.27371994277756,0.9611902837453883,9.727265764455641,4.720391967935662,9.727261286686732,Developed
78874035,protons,2.85682,61.529178861770056,0.8125826648813774,8.61458602841529,4.372107556584363,8.614580392252098,Developed
78874288,protons,2.000811,53.36412505110514,0.5945035159337024,10.693509272428486,3.5110716205023644,10.693503719000422,Developed
78913636,protons,0.1338674,54.55029960002722,0.3300175051902574,5.8040567722671605,5.73075074640898,5.804117254320827,Developed
78938450,protons,3.293275,77.29282355854467,1.8330613501579958,7.364352972604405,6.637103016691072,7.364332720341434,Developed
79218786,protons,2.398795,52.06204641517977,0.0026836128761800193,0.9758029847294277,0.04910506469939599,0.9765000851894836,Developed
79244581,protons,3.842451,73.21894215802826,0.9897501668173181,6.444170422307334,4.927124183519224,6.444167176483851,Developed
79518015,protons,0.6750022999999999,74.2000013616289,4.736292790824896,15.22984682935209,14.750978905918524,15.229756126182323,Developed
79526467,protons,3.150764,73.16386062662178,1.7108542275955863,7.699290602060526,6.409421929404037,7.699279688213671,Developed
79542968,protons,1.385126,73.9851035675166,5.44989902263065,11.118256539622061,10.190919862615399,11.11821459180537,Developed
79630033,protons,5.505785,79.98293833242326,0.3051592066307638,3.650385976486712,2.7717351480268833,3.6503853408991263,Developed
79660334,C,0.3491601,29.577936220873745,0.16794026517711735,1.8417141840286937,1.812673279291785,1.8417175725881487,Developed
79851463,protons,0.9967199,52.7503783928042,4.484504762246964,15.203332961681856,9.451219319751822,15.452729265518313,Developed
80082854,protons,6.017138,67.70140151416098,0.0,0.0,0.0,0.0,Track below surface
80647194,protons,3.885314,77.14262227192441,1.211382130710989,6.305321451071719,5.45224762951073,6.305311292732741,Developed
80654009,protons,1.243922,34.55381175680424,0.29543880558923163,5.006441450843315,0.9828053416745283,5.162183098328356,Developed
80690182,protons,1.238383,48.44264148296878,2.3964088901214957,13.911508861793758,5.745050701296323,14.293855323147515,Developed
81012502,protons,4.813147,74.88205638656805,0.37427480957052417,4.743844208529988,3.0396797448771715,4.743841785244012,Developed
81269736,protons,2.546851,58.776973264988456,0.7878509122175963,9.322797928522647,4.266342122012161,9.322793657699572,Developed
81733991,protons,3.152309,72.48020431315528,1.6515191846201844,7.712077330840547,6.304136011485769,7.712067327369474,Developed
81751833,protons,2.535206,71.65034469172181,2.3497649416219364,8.826458317650097,7.428648406198245,8.826443985419328,Developed
82021106,protons,1.151608,60.12014937813483,6.059902017756404,13.104767271062661,9.611467730994601,13.104744833882929,Developed
82371968,protons,4.320824,51.39894640951234,0.0,0.0,0.0,0.0,Track below surface
82550720,protons,1.186958,50.59624739802223,3.487874596198454,13.965085915946068,7.0462631203648565,14.509358290167945,Developed
82669300,protons,1.5983569999999998,44.01128193739792,0.014416865021682046,1.550295542987495,0.14982725983788472,1.5526876362693791,Developed
83009866,protons,1.960304,51.9784373278367,0.39802776311016075,10.883859531114373,2.704168990597233,10.883855034304275,Developed
83301062,protons,5.1466,65.74218303655502,0.0,0.0,0.0,0.0,Track below surface
83365021,C,0.07199198999999999,19.34466296693131,0.0,0.0,0.0,0.0,Angle < Critical
83417959,protons,2.3759200000000003,74.06504633887846,2.7742527617629786,9.032241408442092,8.020720009519117,9.032216620285986,Developed
83835721,protons,2.412644,69.04057870657675,2.2618774125457577,9.1190779539593,7.281030668599463,9.11906656542508,Developed
83909339,C,0.4461259,73.54125753709818,0.8516366756358726,5.292509657565663,5.292475600528196,5.292492542159492,Developed
84703830,protons,0.2437858,18.317172469898864,0.0,0.0,0.0,0.0,Angle < Critical
85076811,protons,0.8282492,54.200115678492224,3.96046653453595,15.718304352958507,11.503615701201257,15.718300695543991,Developed
85599845,protons,0.026441179999999998,30.493658853092306,0.0,0.0,0.0,0.0,Angle < Critical
85695463,protons,7.5167280000000005,85.0411256906392,0.03512403561893329,1.487150581518139,0.9364944919975896,1.487149486695036,Developed
85893162,protons,2.368176,63.94815352966125,1.7277966211411435,9.39516471683444,6.382192093214589,9.395160443022181,Developed
86018174,protons,3.9397269999999995,72.5894022644675,0.8540626882538565,6.280551182507791,4.578482246790323,6.2805463754867175,Developed
86284708,protons,1.205368,30.914607624865283,0.19839079385643243,5.250099162975946,1.0269321872941524,5.29066164092432,Developed
86330145,protons,2.437644,65.61433664895605,1.8436205539525368,9.202646561152196,6.596795787604444,9.202635716965052,Developed
86474874,protons,0.9080851999999999,63.39280477007641,5.756960278964048,14.624709192405586,11.985334248959578,14.624681983368463,Developed
86639697,protons,3.9392230000000006,66.15394528389362,0.26769070185039645,6.423521898617093,2.459596688553326,6.423520473490161,Developed
86743996,protons,7.8601339999999995,74.92451413975479,0.0,0.0,0.0,0.0,Track below surface
87040850,protons,6.036313,57.4576423203959,0.0,0.0,0.0,0.0,Track below surface
87450915,protons,1.6308939999999998,56.50790874563337,1.9003055636739248,11.321252647081526,6.331170755499189,11.321246144030498,Developed
87491341,protons,2.665622,82.92184921025273,2.8836518181455126,8.387498555422662,8.189379552548063,8.38744374916528,Developed
87738755,C,0.5946645,65.18655157085182,1.0411998110714569,5.778497838684186,5.778542197688162,5.778527033734214,Developed
88087506,protons,1.46313,58.58935675798185,2.9053514516023213,11.701983095830862,7.587056244986517,11.701973146681828,Developed
88319530,C,1.8661619999999999,75.89341259680376,2.6897801201192024,8.235674130368247,8.228249378639285,8.235628059042146,Developed
88485148,protons,4.109437,84.4262482114559,1.3120959861754997,5.8424411082701875,5.6822745900937255,5.8424073036751745,Developed
88627064,protons,0.26084609999999997,36.64876894469477,0.2868688749441013,5.7711974680685705,5.253702396208639,5.771210259802124,Developed
88667190,protons,1.600855,82.74593787466189,4.890601341037051,10.27174584152428,10.084479868253624,10.271613379646684,Developed
88852601,protons,2.3785030000000003,44.627442029168975,0.0,0.0,0.0,0.0,Track below surface
88867155,protons,2.833351,68.59751660806427,1.6755821281654733,8.393353534156784,6.323621877062271,8.393342408134785,Developed
89587301,protons,4.111333,49.85088808546655,0.0,0.0,0.0,0.0,Track below surface
89977517,protons,1.280748,31.692952798833893,0.10619954801704745,3.0253995512675957,0.45454797448270096,3.0884400881697296,Developed
89993974,protons,1.340153,31.954254117163757,0.016808742026472645,1.1587096709443427,0.10965464840328851,1.169861090391457,Developed
90349423,protons,4.6294450000000005,57.305856677596516,0.0,0.0,0.0,0.0,Track below surface
90435709,protons,3.141245,53.864435140072246,0.0,0.0,0.0,0.0,Track below surface
90549025,protons,1.015747,48.4186360616454,3.6007987944792355,15.74534521879971,8.141574870175617,15.997973918886,Developed
90654101,protons,1.545411,62.141827961379576,3.115768244651459,11.180357641896649,8.050212413761912,11.18034562678096,Developed
90694649,protons,0.9310286,69.91113132782235,6.713273514066842,13.872972494608534,12.420415255143876,13.872935617968949,Developed
91022511,protons,4.5020299999999995,68.41362499598952,0.0635901616130301,5.364566809840008,1.0288109184596812,5.364563742898261,Developed
91031089,protons,1.668621,57.82945511619311,2.019049061184651,11.121078468125292,6.595539638181194,11.121069867098111,Developed
91157385,protons,0.8975949999999999,47.49437437726274,3.0967470316978876,16.156492466149956,9.339404805946552,16.15649095721382,Developed
91349126,protons,5.07139,77.9253815278705,0.40723740578786227,4.3050210046569735,3.193071458027268,4.305018031397005,Developed
91462325,C,0.8116764999999999,78.32834148311841,1.4832854806924876,4.5670760118520795,4.563767573752294,4.567014357335016,Developed
91679152,protons,4.24779,77.33639599321083,0.9105741060562433,5.664291552860292,4.749430967887242,5.664284020136912,Developed
91752437,protons,2.881331,51.20283789084053,0.0,0.0,0.0,0.0,Track below surface
92100758,protons,3.23116,76.30093867999534,1.842001488093258,7.492266884707543,6.650425401811605,7.492261768472277,Developed
92243093,protons,1.468223,49.52841885822362,1.1219554799506444,12.528745165569765,4.227642186619265,12.528736367041459,Developed
92289152,protons,2.917114,62.31163468744047,0.8458821089097732,8.468688965177522,4.473099084184565,8.468685987564564,Developed
92315403,protons,6.875607,63.62710445423097,0.0,0.0,0.0,0.0,Track below surface
92451713,protons,3.22523,48.626339266340686,0.0,0.0,0.0,0.0,Track below surface
92458291,protons,3.417397,69.1631347517812,1.0633549974546153,7.3094789990456706,5.080800685778952,7.3094725554728175,Developed
92723807,protons,3.156594,81.29625579526747,2.194648776835317,7.5531062074891935,7.228519958473678,7.553052960701185,Developed
92754168,protons,1.840131,51.79343219793931,0.5588558632141467,11.163505626968073,3.2570808052391658,11.163503411848449,Developed
92827242,C,0.1365444,42.88718433531667,0.03293530707240555,0.36284539942079086,0.3628477107880211,0.36284739976187025,Developed
93101816,protons,6.155468,73.6983073475781,0.0,0.0,0.0,0.0,Track below surface
93402428,protons,1.99739,46.10123023528802,0.0,0.0,0.0,0.0,Track below surface
93556528,protons,1.4706020000000002,59.062432016689485,2.951176918025883,11.638773409945998,7.66813079450556,11.63876405921311,Developed
93605527,protons,0.689499,77.68559913970452,5.033386084688468,15.154992028863436,14.816671582262265,15.15489976367476,Developed
93633663,protons,5.039804,78.9427389729726,0.4739735789299111,4.345489580612671,3.448507763860395,4.345483566671471,Developed
93644474,protons,3.649574,63.071579737179135,0.17850395552164322,7.054586124432913,1.8990117157166635,7.054582867505453,Developed
93669533,C,0.8572703,53.0294750430989,1.1945231568911812,4.374106917503965,3.904494706108217,4.37410833912952,Developed
94020780,protons,1.5807250000000002,68.0804604320482,3.785754672764943,10.757553703983033,8.921811083135514,10.757544979604472,Developed
94216570,protons,2.859352,58.833389653195354,0.43227560744131033,8.733874863629046,3.093281914200402,8.73387164605153,Developed
94280402,protons,2.66783,81.10264249554666,2.809761272658399,8.404951797383637,8.089899319203699,8.404901901200827,Developed
94283548,protons,6.098719,82.00903388516898,0.18535562131519434,2.8673515850528988,2.1653105127356147,2.867348805634802,Developed
94377771,protons,3.715315,50.90368794212243,0.0,0.0,0.0,0.0,Track below surface
94447644,protons,0.9338947,67.7803580082484,6.501540753221661,14.012241146258186,12.21488099501591,14.012224910007465,Developed
94607445,C,0.0004958537,1.5731100223338217,0.0,0.0,0.0,0.0,Energy exceeds SRIM tables
94670664,protons,1.078493,53.538271376841045,4.978925302173176,14.383435576779839,8.845919078617458,14.957846586074304,Developed
95074318,protons,2.1353050000000002,59.93984784048575,1.4871953220938963,10.010397057518716,5.880846074391216,10.010391680178785,Developed
95189606,protons,3.592842,67.7157512257044,0.743801387716454,7.023178255932295,4.242618065368923,7.023176165154129,Developed
95363007,protons,2.216346,53.228477268593615,0.28225177127966106,10.280951656355414,2.255604493479428,10.280948900567347,Developed
95581707,protons,0.37575770000000003,67.66488704359219,1.9401475635165824,12.631124271236859,12.540239377136057,12.631231871379438,Developed
95673925,protons,2.653149,65.31739498515431,1.5343041114177431,8.83178776243895,6.041030286863504,8.831786362365907,Developed
96276432,protons,5.207604,82.33291159960797,0.5235021493477063,4.069107593659914,3.637024829942031,4.069101935061173,Developed
96603142,protons,3.250789,79.90288208382066,2.021974783439216,7.402748119168596,6.955304302843441,7.40271403027673,Developed
96687072,protons,3.5598769999999997,53.85297168189948,0.0,0.0,0.0,0.0,Track below surface
97284234,protons,5.185202,74.67951194339624,0.16392986619435845,4.161376685192128,1.97201995820635,4.1613751333624,Developed
97314370,protons,0.3786766,63.35317410898968,1.8188419521347718,12.31064495272716,12.173306404864052,12.311278283065992,Developed
97332564,protons,0.9285218000000001,23.351132844092632,0.0,0.0,0.0,0.0,Angle < Critical
98013743,protons,0.8595881999999999,83.82447112223224,6.950258618392562,13.784699108622686,13.653223880090806,13.784350055874894,Developed
98123214,protons,2.43152,63.848659102190894,1.6331967191132044,9.28743079787718,6.211649089344386,9.28742464992331,Developed
98307902,protons,3.232189,54.66951326090233,0.0,0.0,0.0,0.0,Track below surface
98480515,protons,2.883894,79.01045956291999,2.4237006284985902,8.062459427389067,7.561747730200061,8.062438778412721,Developed
98550595,protons,5.64384,71.81687489945155,0.0,0.0,0.0,0.0,Track below surface
98668396,protons,4.322329,71.83487708264637,0.48250796149175557,5.614225213932979,3.435530715921736,5.614220629753248,Developed
98804549,protons,1.515525,60.43633552523515,2.9722932721719904,11.38625783285296,7.801434516294,11.38624366292202,Developed
99118465,protons,1.481825,38.39592202237102,0.0,0.0,0.0,0.0,Track below surface
99275626,protons,3.476779,85.51291953013447,1.957108007634547,6.951194679310821,6.86121488567998,6.951091343260201,Developed
99322987,protons,0.08717886,70.73193081979275,0.0,0.0,0.0,0.0,Angle < Critical
99375814,protons,1.3249309999999999,45.38743122517182,0.9654637107656967,11.959777297278713,3.12441848119421,12.114177856642538,Developed
